Date,Country,Price in US dollars
2000-04-01,Argentina,2.5
2000-04-01,Australia,1.54166666666667
2000-04-01,Brazil,1.64804469273743
2000-04-01,Canada,1.93877551020408
2000-04-01,Switzerland,3.47058823529412
2000-04-01,Chile,2.45136186770428
2000-04-01,China,1.19565217391304
2000-04-01,Czech Republic,1.39053708439898
2000-04-01,Denmark,3.07835820895522
2000-04-01,Euro area,2.38080000045235
2000-04-01,Britain,3.00200000192128
2000-04-01,Hong Kong,1.30937098844673
2000-04-01,Hungary,1.21505376344086
2000-04-01,Indonesia,1.82504719949654
2000-04-01,Israel,3.58024691358025
2000-04-01,Japan,2.77358490566038
2000-04-01,South Korea,2.70758122743682
2000-04-01,Mexico,2.22104144527099
2000-04-01,Malaysia,1.18947368421053
2000-04-01,New Zealand,1.69154228855721
2000-04-01,Poland,1.27906976744186
2000-04-01,Russia,1.3859649122807
2000-04-01,Singapore,1.88235294117647
2000-04-01,Sweden,2.71493212669683
2000-04-01,Thailand,1.44736842105263
2000-04-01,Taiwan,2.28758169934641
2000-04-01,United States,2.51
2000-04-01,South Africa,1.33928571428571
2001-04-01,Argentina,2.5
2001-04-01,Australia,1.51515151515152
2001-04-01,Brazil,1.64383561643836
2001-04-01,Canada,2.13461538461538
2001-04-01,Switzerland,3.64161849710983
2001-04-01,Chile,2.09650582362729
2001-04-01,China,1.19565217391304
2001-04-01,Czech Republic,1.43589743589744
2001-04-01,Denmark,2.92553191489362
2001-04-01,Euro area,2.26160000072371
2001-04-01,Britain,2.84570000122365
2001-04-01,Hong Kong,1.37179487179487
2001-04-01,Hungary,1.31683168316832
2001-04-01,Indonesia,1.35421464762782
2001-04-01,Japan,2.37096774193548
2001-04-01,South Korea,2.26415094339623
2001-04-01,Mexico,2.35737351991389
2001-04-01,Malaysia,1.18947368421053
2001-04-01,New Zealand,1.45748987854251
2001-04-01,Philippines,1.17296222664016
2001-04-01,Poland,1.46401985111663
2001-04-01,Russia,1.21107266435986
2001-04-01,Singapore,1.8232044198895
2001-04-01,Sweden,2.33463035019455
2001-04-01,Thailand,1.20879120879121
2001-04-01,Taiwan,2.12765957446809
2001-04-01,United States,2.54
2001-04-01,South Africa,1.19311193111931
2002-04-01,Argentina,0.798722044728435
2002-04-01,Australia,1.61290322580645
2002-04-01,Brazil,1.53846153846154
2002-04-01,Canada,2.12101910828025
2002-04-01,Switzerland,3.79518072289157
2002-04-01,Chile,2.13740458015267
2002-04-01,China,1.26811594202899
2002-04-01,Czech Republic,1.65529411764706
2002-04-01,Denmark,2.95346062052506
2002-04-01,Euro area,2.37629999919206
2002-04-01,Britain,2.8855000017313
2002-04-01,Hong Kong,1.4
2002-04-01,Hungary,1.6875
2002-04-01,Indonesia,1.69671261930011
2002-04-01,Israel,2.50521920668058
2002-04-01,Japan,2.01538461538462
2002-04-01,South Korea,2.37730061349693
2002-04-01,Mexico,2.35991379310345
2002-04-01,Malaysia,1.32631578947368
2002-04-01,Norway,4.08878504672897
2002-04-01,New Zealand,1.60714285714286
2002-04-01,Peru,2.47813411078717
2002-04-01,Philippines,1.27450980392157
2002-04-01,Poland,1.46039603960396
2002-04-01,Russia,1.25
2002-04-01,Singapore,1.81318681318681
2002-04-01,Sweden,2.5
2002-04-01,Thailand,1.270207852194
2002-04-01,Turkey,3.02000755001888
2002-04-01,Taiwan,2.01149425287356
2002-04-01,United States,2.49
2002-04-01,South Africa,0.889908256880734
2003-04-01,Argentina,1.42361111111111
2003-04-01,Australia,1.86335403726708
2003-04-01,Brazil,1.48208469055375
2003-04-01,Canada,2.20689655172414
2003-04-01,Switzerland,4.5985401459854
2003-04-01,Chile,1.95530726256983
2003-04-01,China,1.19565217391304
2003-04-01,Czech Republic,1.95743944636678
2003-04-01,Denmark,4.0929203539823
2003-04-01,Egypt,1.35135135135135
2003-04-01,Euro area,2.9810000002981
2003-04-01,Britain,3.14420000201229
2003-04-01,Hong Kong,1.47435897435897
2003-04-01,Hungary,2.1875
2003-04-01,Indonesia,1.84210526315789
2003-04-01,Japan,2.18333333333333
2003-04-01,South Korea,2.70491803278689
2003-04-01,Mexico,2.18423551756885
2003-04-01,Malaysia,1.32631578947368
2003-04-01,New Zealand,2.21910112359551
2003-04-01,Peru,2.28323699421965
2003-04-01,Philippines,1.23809523809524
2003-04-01,Poland,1.61953727506427
2003-04-01,Russia,1.31832797427653
2003-04-01,Singapore,1.85393258426966
2003-04-01,Sweden,3.59712230215827
2003-04-01,Thailand,1.38173302107728
2003-04-01,Turkey,2.34301780693533
2003-04-01,Taiwan,2.01149425287356
2003-04-01,United States,2.71
2003-04-01,South Africa,1.8452380952381
2004-05-01,Argentina,1.47796610169492
2004-05-01,Australia,2.27272727272727
2004-05-01,Brazil,1.69811320754717
2004-05-01,Canada,2.32846715328467
2004-05-01,Switzerland,4.88372093023256
2004-05-01,Chile,2.18408736349454
2004-05-01,China,1.256038647343
2004-05-01,Colombia,2.34671441929649
2004-05-01,Costa Rica,2.60638911313574
2004-05-01,Czech Republic,2.12905660377359
2004-05-01,Denmark,4.46141479099679
2004-05-01,Egypt,1.61550888529887
2004-05-01,Euro area,3.2880000013152
2004-05-01,Britain,3.36519999925966
2004-05-01,Hong Kong,1.54043645699615
2004-05-01,Hungary,2.51184834123223
2004-05-01,Indonesia,1.76535087719298
2004-05-01,Japan,2.31858407079646
2004-05-01,South Korea,2.71877655055225
2004-05-01,Sri Lanka,1.41414141414141
2004-05-01,Mexico,2.06896551724138
2004-05-01,Malaysia,1.32631578947368
2004-05-01,Norway,5.18316275131039
2004-05-01,New Zealand,2.65243902439024
2004-05-01,Pakistan,1.90443213296399
2004-05-01,Peru,2.57593123209169
2004-05-01,Philippines,1.23434704830054
2004-05-01,Poland,1.62790697674419
2004-05-01,Russia,1.44827586206897
2004-05-01,Saudi Arabia,0.639965868487014
2004-05-01,Singapore,1.92982456140351
2004-05-01,Sweden,3.94218134034166
2004-05-01,Thailand,1.44607843137255
2004-05-01,Turkey,2.58001306335728
2004-05-01,Taiwan,2.24550898203593
2004-05-01,Ukraine,1.35984244584076
2004-05-01,Uruguay,1.00218597612241
2004-05-01,United States,2.9
2004-05-01,South Africa,1.86186186186186
2005-06-01,UAE,2.45064669843431
2005-06-01,Argentina,1.6396272005523
2005-06-01,Australia,2.49711870918171
2005-06-01,Brazil,2.39370334307043
2005-06-01,Canada,2.62526012485993
2005-06-01,Switzerland,5.0501002004008
2005-06-01,Chile,2.53185922862689
2005-06-01,China,1.26866753661012
2005-06-01,Colombia,2.79245607251794
2005-06-01,Costa Rica,2.3774458236903
2005-06-01,Czech Republic,2.29901918837532
2005-06-01,Denmark,4.57565914224941
2005-06-01,Egypt,1.55172413793103
2005-06-01,Euro area,3.58313199823029
2005-06-01,Britain,3.44040000271792
2005-06-01,Hong Kong,1.54227768709756
2005-06-01,Hungary,2.6025937547571
2005-06-01,Indonesia,1.5295966474594
2005-06-01,Japan,2.34268846928735
2005-06-01,South Korea,2.48632521133764
2005-06-01,Sri Lanka,1.75096302966632
2005-06-01,Mexico,2.57648953301127
2005-06-01,Malaysia,1.38157894736842
2005-06-01,Norway,6.06286726984423
2005-06-01,New Zealand,3.17335805462455
2005-06-01,Pakistan,2.18047635021805
2005-06-01,Peru,2.76224420819763
2005-06-01,Philippines,1.46654445462878
2005-06-01,Poland,1.96398356296833
2005-06-01,Russia,1.47858689338332
2005-06-01,Saudi Arabia,2.39993600170662
2005-06-01,Singapore,2.16776058288673
2005-06-01,Sweden,4.16655466250907
2005-06-01,Thailand,1.48038490007402
2005-06-01,Turkey,2.9218407596786
2005-06-01,Taiwan,2.40577385725742
2005-06-01,Ukraine,1.43280632411067
2005-06-01,Uruguay,1.82383419689119
2005-06-01,United States,3.06
2005-06-01,South Africa,2.09831232514064
2006-01-01,Argentina,1.55036229518898
2006-01-01,Australia,2.44214006612564
2006-01-01,Brazil,2.74154322352421
2006-01-01,Canada,3.00751879699248
2006-01-01,Switzerland,4.93112085159674
2006-01-01,Chile,2.98421807747489
2006-01-01,China,1.30206718666683
2006-01-01,Czech Republic,2.60094389092816
2006-01-01,Denmark,4.49254480402791
2006-01-01,Egypt,1.61149825783972
2006-01-01,Euro area,3.51382499956077
2006-01-01,Britain,3.3161319980909
2006-01-01,Hong Kong,1.54814738363092
2006-01-01,Hungary,2.70588917451052
2006-01-01,Indonesia,1.54334038054968
2006-01-01,Japan,2.18713092165697
2006-01-01,South Korea,2.55767558442887
2006-01-01,Mexico,2.65591652833768
2006-01-01,Malaysia,1.46713615023474
2006-01-01,New Zealand,3.07596599156701
2006-01-01,Peru,2.75681950087057
2006-01-01,Philippines,1.55952833777102
2006-01-01,Poland,2.08661038168919
2006-01-01,Russia,1.60446459713987
2006-01-01,Singapore,2.20143093010457
2006-01-01,Sweden,4.27910112942336
2006-01-01,Thailand,1.50924412023645
2006-01-01,Turkey,3.06771417882529
2006-01-01,Taiwan,2.34745457675394
2006-01-01,United States,3.15
2006-01-01,South Africa,2.29429468940677
2006-05-01,UAE,2.45057997059304
2006-05-01,Argentina,2.29020121053493
2006-05-01,Australia,2.43896947911116
2006-05-01,Brazil,2.77717509221089
2006-05-01,Canada,3.1415948949083
2006-05-01,Switzerland,5.21156471026182
2006-05-01,Chile,2.94367393150297
2006-05-01,China,1.30824819337154
2006-05-01,Colombia,2.59626138360761
2006-05-01,Costa Rica,2.21770830266812
2006-05-01,Czech Republic,2.67100299441826
2006-05-01,Denmark,4.76947535771065
2006-05-01,Egypt,1.64623315860157
2006-05-01,Euro area,3.76691649704796
2006-05-01,Britain,3.64797600212458
2006-05-01,Hong Kong,1.54772806417912
2006-05-01,Hungary,2.71390936705818
2006-05-01,Indonesia,1.5656836461126
2006-05-01,Japan,2.23005218322109
2006-05-01,South Korea,2.62494750104998
2006-05-01,Sri Lanka,1.84546646593172
2006-05-01,Mexico,2.56566782564075
2006-05-01,Malaysia,1.51536024245764
2006-05-01,Norway,7.04652344198089
2006-05-01,New Zealand,2.74520206537899
2006-05-01,Pakistan,2.16468237449005
2006-05-01,Peru,2.91321680466115
2006-05-01,Philippines,1.61520190023753
2006-05-01,Poland,2.09734927318781
2006-05-01,Russia,1.77359013440488
2006-05-01,Saudi Arabia,2.40064017071219
2006-05-01,Singapore,2.26800226800227
2006-05-01,Sweden,4.53013569815569
2006-05-01,Thailand,1.56067108856808
2006-05-01,Turkey,2.72461887771651
2006-05-01,Taiwan,2.3334681559379
2006-05-01,Ukraine,1.68316831683168
2006-05-01,Uruguay,1.76718913270637
2006-05-01,United States,3.1
2006-05-01,South Africa,2.11459754433834
2007-01-01,UAE,2.72286663399227
2007-01-01,Argentina,2.67098340752732
2007-01-01,Australia,2.72325780568569
2007-01-01,Brazil,2.99976564330912
2007-01-01,Canada,3.08975613908159
2007-01-01,Switzerland,5.04605526631958
2007-01-01,Chile,3.09173377765436
2007-01-01,China,1.41491838493498
2007-01-01,Colombia,3.08128565527559
2007-01-01,Costa Rica,2.21770830266812
2007-01-01,Czech Republic,2.42312620487741
2007-01-01,Denmark,4.82352838928916
2007-01-01,Egypt,1.59473684210526
2007-01-01,Euro area,3.80921099765962
2007-01-01,Britain,3.83373099959688
2007-01-01,Hong Kong,1.53876731914675
2007-01-01,Hungary,3.03460946376393
2007-01-01,Indonesia,1.74917491749175
2007-01-01,Japan,2.30291565571411
2007-01-01,South Korea,3.08461415731532
2007-01-01,Sri Lanka,1.84546646593172
2007-01-01,Mexico,2.66314030157768
2007-01-01,Malaysia,1.57053112507139
2007-01-01,Norway,6.80071448470249
2007-01-01,New Zealand,3.22137875010505
2007-01-01,Pakistan,2.33119640329698
2007-01-01,Peru,2.9785232795109
2007-01-01,Philippines,1.7329255861366
2007-01-01,Poland,2.32186422141836
2007-01-01,Russia,1.84672206832872
2007-01-01,Saudi Arabia,2.40064017071219
2007-01-01,Singapore,2.34077830878767
2007-01-01,Sweden,4.54464761228475
2007-01-01,Thailand,1.75637393767705
2007-01-01,Turkey,3.22752261039191
2007-01-01,Taiwan,2.27786973622268
2007-01-01,Ukraine,1.78217821782178
2007-01-01,Uruguay,2.29885057471264
2007-01-01,United States,3.22
2007-01-01,South Africa,2.18010478568163
2007-06-01,UAE,2.72268129654083
2007-06-01,Argentina,2.66860747210092
2007-06-01,Australia,2.94871794871795
2007-06-01,Brazil,3.60690015682175
2007-06-01,Canada,3.68313636147895
2007-06-01,Switzerland,5.20145310435931
2007-06-01,Chile,2.97104888467015
2007-06-01,China,1.44647389114626
2007-06-01,Colombia,3.52760736196319
2007-06-01,Costa Rica,2.17883827428296
2007-06-01,Czech Republic,2.50512034285579
2007-06-01,Denmark,5.08213834404703
2007-06-01,Egypt,1.67655199683669
2007-06-01,Euro area,4.1668899487422
2007-06-01,Britain,4.00716350349906
2007-06-01,Hong Kong,1.53540057961372
2007-06-01,Hungary,3.32943789100086
2007-06-01,Indonesia,1.76372712146423
2007-06-01,Japan,2.2891714017087
2007-06-01,South Korea,3.14363143631436
2007-06-01,Sri Lanka,1.8850987432675
2007-06-01,Mexico,2.693277486522
2007-06-01,Malaysia,1.60139758334547
2007-06-01,Norway,6.88006329658233
2007-06-01,New Zealand,3.59459248261311
2007-06-01,Pakistan,2.31903263210204
2007-06-01,Peru,2.99968424376381
2007-06-01,Philippines,1.85195272073642
2007-06-01,Poland,2.50740410996239
2007-06-01,Russia,2.0274287719435
2007-06-01,Saudi Arabia,2.39971203455585
2007-06-01,Singapore,2.59228876127974
2007-06-01,Sweden,4.85890762922118
2007-06-01,Thailand,1.79944855608765
2007-06-01,Turkey,3.6591942069178
2007-06-01,Taiwan,2.28864374971392
2007-06-01,Ukraine,1.83988065638986
2007-06-01,Uruguay,2.5892670703696
2007-06-01,United States,3.41
2007-06-01,South Africa,2.22349734614833
2008-06-01,UAE,2.72268129654083
2008-06-01,Argentina,3.64298724954463
2008-06-01,Australia,3.36257309941521
2008-06-01,Brazil,4.73305566073457
2008-06-01,Canada,4.07553186189029
2008-06-01,Switzerland,6.35914493958812
2008-06-01,Chile,3.13352875770747
2008-06-01,China,1.82908984489318
2008-06-01,Colombia,3.89180774469741
2008-06-01,Costa Rica,3.26666908642155
2008-06-01,Czech Republic,4.55788577005715
2008-06-01,Denmark,5.95187484057478
2008-06-01,Egypt,2.44705882352941
2008-06-01,Euro area,5.34270458800347
2008-06-01,Britain,4.57049650263512
2008-06-01,Hong Kong,1.70569677071844
2008-06-01,Hungary,4.64446289905988
2008-06-01,Indonesia,2.04326923076923
2008-06-01,Japan,2.62037340320996
2008-06-01,South Korea,3.1432640832965
2008-06-01,Sri Lanka,1.95258019525802
2008-06-01,Mexico,3.14697349658258
2008-06-01,Malaysia,1.69857936998147
2008-06-01,Norway,7.87533347115167
2008-06-01,New Zealand,3.7186005919405
2008-06-01,Pakistan,1.97461212976023
2008-06-01,Peru,3.34507042253521
2008-06-01,Philippines,1.95571540968866
2008-06-01,Poland,3.44581456595043
2008-06-01,Russia,2.53942565938985
2008-06-01,Saudi Arabia,2.66698670507128
2008-06-01,Singapore,2.91997782295324
2008-06-01,Sweden,6.37492974995177
2008-06-01,Thailand,1.85851318944844
2008-06-01,Turkey,4.31775309159505
2008-06-01,Taiwan,2.47015232606011
2008-06-01,Ukraine,2.39130434782609
2008-06-01,Uruguay,3.18537859007833
2008-06-01,United States,3.57
2008-06-01,South Africa,2.24110005619277
2009-07-01,UAE,2.72257010618023
2009-07-01,Argentina,3.01738274844211
2009-07-01,Australia,3.37244541145388
2009-07-01,Brazil,4.0208302037955
2009-07-01,Canada,3.35099280699487
2009-07-01,Switzerland,5.98499148289674
2009-07-01,Chile,3.19022878497858
2009-07-01,China,1.82943785033735
2009-07-01,Colombia,3.34033212445123
2009-07-01,Costa Rica,3.43306383782206
2009-07-01,Czech Republic,3.63956906044782
2009-07-01,Denmark,5.52693208430913
2009-07-01,Egypt,2.32776758135995
2009-07-01,Euro area,4.6171189975617
2009-07-01,Britain,3.68827400060635
2009-07-01,Hong Kong,1.71601832139862
2009-07-01,Hungary,3.61522552228711
2009-07-01,Indonesia,2.04901960784314
2009-07-01,Israel,3.77429703717683
2009-07-01,Japan,3.45703019499811
2009-07-01,South Korea,2.58653480410803
2009-07-01,Sri Lanka,1.82831272853909
2009-07-01,Mexico,2.38950356253258
2009-07-01,Malaysia,1.87951138256524
2009-07-01,Norway,6.14510120213542
2009-07-01,New Zealand,3.07721292429428
2009-07-01,Pakistan,2.30024213075061
2009-07-01,Peru,2.66102926603686
2009-07-01,Philippines,2.0541490131239
2009-07-01,Poland,2.40868393946597
2009-07-01,Russia,2.04293829411603
2009-07-01,Saudi Arabia,2.9330204778157
2009-07-01,Singapore,2.88152953226357
2009-07-01,Sweden,4.93099764197164
2009-07-01,Thailand,1.88760427337919
2009-07-01,Turkey,3.64504370826748
2009-07-01,Taiwan,2.2607044355021
2009-07-01,Ukraine,1.82767624020888
2009-07-01,Uruguay,2.63271471730686
2009-07-01,United States,3.57
2009-07-01,South Africa,2.16774349375038
2010-01-01,UAE,2.99482711679826
2010-01-01,Argentina,1.84283269711728
2010-01-01,Australia,3.97787023912944
2010-01-01,Brazil,4.75831253989439
2010-01-01,Canada,3.97376543209877
2010-01-01,Switzerland,6.30364156524269
2010-01-01,Chile,3.18028225004969
2010-01-01,China,1.83091164752754
2010-01-01,Colombia,3.91296048864287
2010-01-01,Costa Rica,3.51889043376762
2010-01-01,Czech Republic,3.7144324150675
2010-01-01,Denmark,5.99385890990808
2010-01-01,Egypt,2.37877401646844
2010-01-01,Euro area,4.84394399698368
2010-01-01,Britain,3.67132800005874
2010-01-01,Hong Kong,1.90806479684911
2010-01-01,Hungary,3.85747074215594
2010-01-01,Indonesia,2.24248927038627
2010-01-01,Israel,3.9919624916276
2010-01-01,Japan,3.49573956740223
2010-01-01,South Korea,2.98114861902674
2010-01-01,Sri Lanka,1.82831272853909
2010-01-01,Mexico,2.49731733489416
2010-01-01,Malaysia,2.08118081180812
2010-01-01,Norway,7.02302674895313
2010-01-01,New Zealand,3.61130559752368
2010-01-01,Pakistan,2.42130750605327
2010-01-01,Peru,2.80647970736805
2010-01-01,Philippines,2.21080139372822
2010-01-01,Poland,2.85648793045686
2010-01-01,Russia,2.3390249607378
2010-01-01,Saudi Arabia,2.66652445202923
2010-01-01,Singapore,3.18870696141306
2010-01-01,Sweden,5.50684119117211
2010-01-01,Thailand,2.112569790252
2010-01-01,Turkey,3.83167746092028
2010-01-01,Taiwan,2.35534270236319
2010-01-01,Ukraine,1.82767624020888
2010-01-01,Uruguay,3.32326283987915
2010-01-01,United States,3.58
2010-01-01,South Africa,2.45738928058046
2010-07-01,UAE,2.99494942619492
2010-07-01,Argentina,3.55894502700985
2010-07-01,Australia,3.83691750028815
2010-07-01,Brazil,4.9071804839573
2010-07-01,Canada,4.00057562239171
2010-07-01,Switzerland,6.18546890612361
2010-07-01,Chile,3.34192685954359
2010-07-01,China,1.9477932387965
2010-07-01,Colombia,4.38866440097407
2010-07-01,Costa Rica,3.83057372417954
2010-07-01,Czech Republic,3.42522635662055
2010-07-01,Denmark,4.90225589775786
2010-07-01,Egypt,2.28110194771012
2010-07-01,Euro area,4.33252382664316
2010-07-01,Britain,3.48354799990525
2010-07-01,Hong Kong,1.90373285997273
2010-07-01,Hungary,3.33379661092544
2010-07-01,Indonesia,2.51351649564162
2010-07-01,Israel,3.85820451073306
2010-07-01,Japan,3.67056664372563
2010-07-01,South Korea,2.82286520818631
2010-07-01,Sri Lanka,1.86211483041454
2010-07-01,Mexico,2.50352057580973
2010-07-01,Malaysia,2.19386961257196
2010-07-01,Norway,7.20432259355613
2010-07-01,New Zealand,3.5900000004308
2010-07-01,Pakistan,2.45542239111371
2010-07-01,Peru,3.53669319186561
2010-07-01,Philippines,2.19496449322143
2010-07-01,Poland,2.59626513184648
2010-07-01,Russia,2.33220828919383
2010-07-01,Saudi Arabia,2.66634670506206
2010-07-01,Singapore,3.07815456265464
2010-07-01,Sweden,6.56400241403395
2010-07-01,Thailand,2.16684723726977
2010-07-01,Turkey,3.89066893349899
2010-07-01,Taiwan,2.336048340627
2010-07-01,Ukraine,1.83567540194961
2010-07-01,Uruguay,3.74407582938389
2010-07-01,United States,3.733333333
2010-07-01,South Africa,2.44808598155643
2011-07-01,UAE,3.2670396536938
2011-07-01,Argentina,4.83968542044767
2011-07-01,Australia,4.94372400141217
2011-07-01,Brazil,6.16242864556305
2011-07-01,Canada,5.00079293756938
2011-07-01,Switzerland,8.06301556782237
2011-07-01,Chile,3.99783900594273
2011-07-01,China,2.27307990690458
2011-07-01,Colombia,4.74442247952556
2011-07-01,Costa Rica,4.06500034701222
2011-07-01,Czech Republic,4.07240084831893
2011-07-01,Denmark,5.48240340870837
2011-07-01,Egypt,2.36330090573633
2011-07-01,Euro area,4.92840183586624
2011-07-01,Britain,3.89163699974627
2011-07-01,Hong Kong,1.93793475191868
2011-07-01,Hungary,4.04099697775963
2011-07-01,Indonesia,2.64390472838203
2011-07-01,India,1.89189189189189
2011-07-01,Israel,4.67186742474327
2011-07-01,Japan,4.08345562432208
2011-07-01,South Korea,3.50312440825601
2011-07-01,Sri Lanka,2.55766156656771
2011-07-01,Mexico,2.74189747873958
2011-07-01,Malaysia,2.42179616548941
2011-07-01,Norway,8.31170750177778
2011-07-01,New Zealand,4.41150000061761
2011-07-01,Pakistan,2.37570212519544
2011-07-01,Peru,3.65296803652968
2011-07-01,Philippines,2.78236265031832
2011-07-01,Poland,3.08566933638444
2011-07-01,Russia,2.70245923790649
2011-07-01,Saudi Arabia,2.66652445202923
2011-07-01,Singapore,3.65353547906052
2011-07-01,Sweden,7.63985351685819
2011-07-01,Thailand,2.35294117647059
2011-07-01,Turkey,3.77281829526656
2011-07-01,Taiwan,2.60109592841784
2011-07-01,Ukraine,2.06404803602702
2011-07-01,Uruguay,4.87804878048781
2011-07-01,United States,4.065
2011-07-01,South Africa,2.87345708650657
2012-01-01,UAE,3.26708412741628
2012-01-01,Argentina,4.63660600440478
2012-01-01,Australia,4.93656000004245
2012-01-01,Brazil,5.6786703601108
2012-01-01,Canada,4.63293990890837
2012-01-01,Switzerland,6.805570097372
2012-01-01,Chile,4.05098310443632
2012-01-01,China,2.43844509540021
2012-01-01,Colombia,4.53526982155873
2012-01-01,Costa Rica,4.02323664481689
2012-01-01,Czech Republic,3.44801341494254
2012-01-01,Denmark,5.37418854018272
2012-01-01,Egypt,2.56750041411297
2012-01-01,Euro area,4.43070477464433
2012-01-01,Britain,3.82339500177214
2012-01-01,Hong Kong,2.12427661943906
2012-01-01,Hungary,2.62521406178614
2012-01-01,Indonesia,2.46004366812227
2012-01-01,India,1.61834120026972
2012-01-01,Israel,4.13147979732363
2012-01-01,Japan,4.16016640665627
2012-01-01,South Korea,3.19309600862999
2012-01-01,Sri Lanka,2.54542262792943
2012-01-01,Mexico,2.70380871649469
2012-01-01,Malaysia,2.34109983914892
2012-01-01,Norway,6.78819185748108
2012-01-01,New Zealand,4.04761500000405
2012-01-01,Pakistan,2.88728484175458
2012-01-01,Peru,3.71402042711235
2012-01-01,Philippines,2.68151346437905
2012-01-01,Poland,2.58489681716826
2012-01-01,Russia,2.54963124777694
2012-01-01,Saudi Arabia,2.66652445202923
2012-01-01,Singapore,3.75154702970297
2012-01-01,Sweden,5.91306354379994
2012-01-01,Thailand,2.45669291338583
2012-01-01,Turkey,3.54276819023592
2012-01-01,Taiwan,2.50170950149269
2012-01-01,Ukraine,2.11429637460357
2012-01-01,Uruguay,4.62724935732648
2012-01-01,United States,4.19722
2012-01-01,South Africa,2.45375381285054
2012-07-01,UAE,3.26712860234961
2012-07-01,Argentina,4.16096359156857
2012-07-01,Australia,4.68015599908292
2012-07-01,Brazil,4.93597434076831
2012-07-01,Canada,5.02231595468145
2012-07-01,Switzerland,6.56167979002625
2012-07-01,Chile,4.15779332724876
2012-07-01,China,2.44971433043751
2012-07-01,Colombia,4.76592914836725
2012-07-01,Czech Republic,3.34141011022425
2012-07-01,Denmark,4.64502249168785
2012-07-01,Egypt,2.63743509437072
2012-07-01,Euro area,4.34443469296111
2012-07-01,Britain,4.1623715002999
2012-07-01,Hong Kong,2.126795692272
2012-07-01,Hungary,3.48424596089836
2012-07-01,Indonesia,2.55206960189823
2012-07-01,India,1.58461675420636
2012-07-01,Israel,2.91934989267096
2012-07-01,Japan,4.09102531321913
2012-07-01,South Korea,3.21459600347524
2012-07-01,Sri Lanka,2.21374045801527
2012-07-01,Mexico,2.70329509753781
2012-07-01,Malaysia,2.33181030408067
2012-07-01,Norway,7.05837936326852
2012-07-01,New Zealand,4.00452000065995
2012-07-01,Pakistan,3.01252576502299
2012-07-01,Philippines,2.79620853080569
2012-07-01,Poland,2.62979178406809
2012-07-01,Russia,2.28901046077781
2012-07-01,Saudi Arabia,2.66648890073995
2012-07-01,Singapore,3.49622566547477
2012-07-01,Sweden,5.72868135202144
2012-07-01,Thailand,2.58675078864353
2012-07-01,Turkey,4.51584651595599
2012-07-01,Taiwan,2.48381381331655
2012-07-01,Ukraine,1.85517284026962
2012-07-01,Uruguay,4.52674897119342
2012-07-01,United States,4.3275
2012-07-01,South Africa,2.35584473861342
2013-01-01,UAE,3.2670396536938
2013-01-01,Argentina,3.81794433839044
2013-01-01,Australia,4.90045499838408
2013-01-01,Brazil,5.64376552035518
2013-01-01,Canada,5.39435636653704
2013-01-01,Switzerland,7.12484928203442
2013-01-01,Chile,4.34552199258082
2013-01-01,China,2.57218185325703
2013-01-01,Colombia,4.85005710096296
2013-01-01,Costa Rica,4.39270810454645
2013-01-01,Czech Republic,3.72215856617774
2013-01-01,Denmark,5.18375030693258
2013-01-01,Egypt,2.39314960924354
2013-01-01,Euro area,4.87803112862027
2013-01-01,Britain,4.24818249802884
2013-01-01,Hong Kong,2.19097575749765
2013-01-01,Hungary,3.81662979173847
2013-01-01,Indonesia,2.86040440235475
2013-01-01,India,1.66682273621126
2013-01-01,Israel,4.00048327985931
2013-01-01,Japan,3.51397353538681
2013-01-01,South Korea,3.40864598447684
2013-01-01,Sri Lanka,2.76789244760775
2013-01-01,Mexico,2.90460340388118
2013-01-01,Malaysia,2.57865715212455
2013-01-01,Norway,7.84227900275392
2013-01-01,New Zealand,4.32458000140592
2013-01-01,Pakistan,2.96933394767829
2013-01-01,Peru,3.90701308849385
2013-01-01,Philippines,2.9064039408867
2013-01-01,Poland,2.94307891332471
2013-01-01,Russia,2.42569479114661
2013-01-01,Saudi Arabia,2.93317689723215
2013-01-01,Singapore,3.64416730777017
2013-01-01,Sweden,6.38809635544636
2013-01-01,Thailand,2.92387833977483
2013-01-01,Turkey,4.7773851590106
2013-01-01,Taiwan,2.54220052877771
2013-01-01,Ukraine,2.33300589390963
2013-01-01,Uruguay,5.44605809128631
2013-01-01,United States,4.367395833
2013-01-01,South Africa,2.31015806344645
2013-07-01,UAE,3.26708412741628
2013-07-01,Argentina,3.87990762124711
2013-07-01,Australia,4.61986425117506
2013-07-01,Brazil,5.28483033492612
2013-07-01,Canada,5.26040428061831
2013-07-01,Switzerland,6.7190407277238
2013-07-01,Chile,3.93580698802531
2013-07-01,China,2.60836960597317
2013-07-01,Colombia,4.47683498178032
2013-07-01,Costa Rica,4.31142527698401
2013-07-01,Czech Republic,3.49059595298967
2013-07-01,Denmark,4.91328483260352
2013-07-01,Egypt,2.38973341988686
2013-07-01,Euro area,4.65939148386547
2013-07-01,Britain,4.02007049936362
2013-07-01,Hong Kong,2.19166779473097
2013-07-01,Hungary,3.76430215965894
2013-07-01,Indonesia,2.80371299548419
2013-07-01,India,1.50050016672224
2013-07-01,Israel,4.79984640491504
2013-07-01,Japan,3.19664352429949
2013-07-01,South Korea,3.43400545918817
2013-07-01,Sri Lanka,2.82874617737003
2013-07-01,Mexico,2.85909675724337
2013-07-01,Malaysia,2.29523659801918
2013-07-01,Norway,7.50640492159071
2013-07-01,New Zealand,4.29907500125211
2013-07-01,Pakistan,2.99895036737142
2013-07-01,Peru,3.59324469996407
2013-07-01,Philippines,2.65216390423573
2013-07-01,Poland,2.73362056158075
2013-07-01,Russia,2.64125395808603
2013-07-01,Saudi Arabia,2.66652445202923
2013-07-01,Singapore,3.68714207264454
2013-07-01,Sweden,6.15687377003092
2013-07-01,Thailand,2.84572342126299
2013-07-01,Turkey,4.34238422437355
2013-07-01,Taiwan,2.63083404099439
2013-07-01,Ukraine,2.3298589822195
2013-07-01,Uruguay,4.97984349063315
2013-07-01,United States,4.556666667
2013-07-01,South Africa,2.23941874642315
2014-01-01,UAE,3.26708412741628
2014-01-01,Argentina,3.03413400758534
2014-01-01,Australia,4.47354249877067
2014-01-01,Brazil,5.24745561879774
2014-01-01,Canada,5.01312098452629
2014-01-01,Switzerland,7.14246469974177
2014-01-01,Chile,3.69037734108313
2014-01-01,China,2.74321220233669
2014-01-01,Colombia,4.33731172410663
2014-01-01,Costa Rica,4.28355116353204
2014-01-01,Czech Republic,3.47321507804258
2014-01-01,Denmark,5.18049950921584
2014-01-01,Egypt,2.43212182157736
2014-01-01,Euro area,4.96184353491684
2014-01-01,Britain,4.62679649988317
2014-01-01,Hong Kong,2.32023047622731
2014-01-01,Hungary,3.85482461556529
2014-01-01,Indonesia,2.30140032948929
2014-01-01,India,1.53609831029186
2014-01-01,Israel,5.01691416776561
2014-01-01,Japan,2.97376372967528
2014-01-01,South Korea,3.46669165183173
2014-01-01,Sri Lanka,2.67584097859327
2014-01-01,Mexico,2.77512141156176
2014-01-01,Malaysia,2.2265683767113
2014-01-01,Norway,7.79543479849613
2014-01-01,New Zealand,4.5718749992285
2014-01-01,Pakistan,3.03562111653939
2014-01-01,Peru,3.56315695706396
2014-01-01,Philippines,2.98474463851426
2014-01-01,Poland,2.99830530569678
2014-01-01,Russia,2.62233255007108
2014-01-01,Saudi Arabia,2.9330204778157
2014-01-01,Singapore,3.59698166321304
2014-01-01,Sweden,6.28751071734781
2014-01-01,Thailand,2.92015209125475
2014-01-01,Turkey,3.75848422542062
2014-01-01,Taiwan,2.61927654918604
2014-01-01,Ukraine,2.26757369614512
2014-01-01,Uruguay,4.911131898971
2014-01-01,United States,4.624166667
2014-01-01,South Africa,2.16039309961251
2014-07-01,UAE,3.53929295816828
2014-07-01,Argentina,2.5707727620505
2014-07-01,Australia,4.81414500013119
2014-07-01,Brazil,5.85519648688211
2014-07-01,Canada,5.25115218099716
2014-07-01,Switzerland,6.82624113475177
2014-07-01,Chile,3.72248023540256
2014-07-01,China,2.72655405514415
2014-07-01,Colombia,4.65456119936135
2014-07-01,Costa Rica,4.00148892611204
2014-07-01,Czech Republic,3.45551484473482
2014-07-01,Denmark,5.14551888495703
2014-07-01,Egypt,2.36781560968105
2014-07-01,Euro area,4.95354246993891
2014-07-01,Britain,4.92513799618893
2014-07-01,Hong Kong,2.42566560651317
2014-07-01,Hungary,3.76687180787727
2014-07-01,Indonesia,2.42842242503259
2014-07-01,India,1.74741528156269
2014-07-01,Israel,5.12625227019743
2014-07-01,Japan,3.6442430808628
2014-07-01,South Korea,4.00488400488401
2014-07-01,Sri Lanka,2.6870369659514
2014-07-01,Mexico,3.24761937900878
2014-07-01,Malaysia,2.40883977900553
2014-07-01,Norway,7.75782651560455
2014-07-01,New Zealand,4.94475000069227
2014-07-01,Pakistan,3.04012971220105
2014-07-01,Peru,3.58680057388809
2014-07-01,Philippines,3.70327508390233
2014-07-01,Poland,2.99537670117862
2014-07-01,Russia,2.55473666836504
2014-07-01,Saudi Arabia,2.93305958110576
2014-07-01,Singapore,3.79644588045234
2014-07-01,Sweden,5.95377413692218
2014-07-01,Thailand,3.11516677155444
2014-07-01,Turkey,4.42319187089062
2014-07-01,Taiwan,2.63491428190248
2014-07-01,Ukraine,1.6260162601626
2014-07-01,Uruguay,4.91946016543317
2014-07-01,United States,4.795
2014-07-01,Vietnam,2.82618935468676
2014-07-01,South Africa,2.33011555471016
2015-01-01,UAE,3.53929295816828
2015-01-01,Argentina,3.2520325203252
2015-01-01,Australia,4.31870499892076
2015-01-01,Brazil,5.20682672837721
2015-01-01,Canada,4.63961580725245
2015-01-01,Switzerland,7.54366622178379
2015-01-01,Chile,3.34669354645928
2015-01-01,China,2.76905739354423
2015-01-01,Colombia,3.34040879838307
2015-01-01,Costa Rica,4.01052062153743
2015-01-01,Czech Republic,2.91920897516911
2015-01-01,Denmark,5.37600897559759
2015-01-01,Egypt,2.3033856912538
2015-01-01,Euro area,4.26383200194175
2015-01-01,Britain,4.36823499740308
2015-01-01,Hong Kong,2.42538396537377
2015-01-01,Hungary,3.16883108269562
2015-01-01,Indonesia,2.23870192307692
2015-01-01,India,1.88671589710298
2015-01-01,Israel,4.44822896940889
2015-01-01,Japan,3.14185029507918
2015-01-01,South Korea,3.78473183790271
2015-01-01,Sri Lanka,2.65402843601896
2015-01-01,Mexico,3.34985472568792
2015-01-01,Malaysia,2.11035818005808
2015-01-01,Norway,6.29714660544441
2015-01-01,New Zealand,4.49255500105261
2015-01-01,Pakistan,2.97811088499528
2015-01-01,Peru,3.32446808510638
2015-01-01,Philippines,3.67034451700068
2015-01-01,Poland,2.48205902983867
2015-01-01,Russia,1.36446563539639
2015-01-01,Saudi Arabia,2.92794591285368
2015-01-01,Singapore,3.5254847541537
2015-01-01,Sweden,4.96859530363977
2015-01-01,Thailand,3.03634411900015
2015-01-01,Turkey,3.96408750991022
2015-01-01,Taiwan,2.50849395103674
2015-01-01,Ukraine,1.20085956263431
2015-01-01,Uruguay,4.62640736949846
2015-01-01,United States,4.79
2015-01-01,Vietnam,2.80636108512629
2015-01-01,South Africa,2.22149624305782
2015-07-01,UAE,3.53938931921208
2015-07-01,Argentina,3.06513409961686
2015-07-01,Australia,3.92226499999019
2015-07-01,Brazil,4.28251939029613
2015-07-01,Canada,4.53593859036985
2015-07-01,Switzerland,6.82199832073888
2015-07-01,Chile,3.26873686668223
2015-07-01,China,2.73787283385943
2015-07-01,Colombia,2.91631289453284
2015-07-01,Costa Rica,4.03150196887306
2015-07-01,Czech Republic,2.83374996204799
2015-07-01,Denmark,5.07851212368137
2015-07-01,Egypt,2.16218287239545
2015-07-01,Euro area,4.05390499827466
2015-07-01,Britain,4.51244600294302
2015-07-01,Hong Kong,2.47716364762347
2015-07-01,Hungary,3.18158582964093
2015-07-01,Indonesia,2.28558582187418
2015-07-01,India,1.83272899259026
2015-07-01,Israel,4.63165138221711
2015-07-01,Japan,2.98543591398717
2015-07-01,South Korea,3.76038478355925
2015-07-01,Sri Lanka,2.61486738886814
2015-07-01,Mexico,3.1131371209835
2015-07-01,Malaysia,2.00972021542099
2015-07-01,Norway,5.6493358960031
2015-07-01,New Zealand,3.90963499998182
2015-07-01,Pakistan,3.44149459193707
2015-07-01,Peru,3.14119679597927
2015-07-01,Philippines,3.6051976776334
2015-07-01,Poland,2.5439898240407
2015-07-01,Russia,1.88330546510605
2015-07-01,Saudi Arabia,3.19953073549213
2015-07-01,Singapore,3.43969555035129
2015-07-01,Sweden,5.12751315611928
2015-07-01,Thailand,3.16831683168317
2015-07-01,Turkey,3.8742109838606
2015-07-01,Taiwan,2.54674403610574
2015-07-01,Ukraine,1.54897494305239
2015-07-01,Uruguay,4.13238251965624
2015-07-01,United States,4.79
2015-07-01,Vietnam,2.75103163686382
2015-07-01,South Africa,2.0943167492982
2016-01-01,UAE,3.53924477961395
2016-01-01,Argentina,2.3897025544472
2016-01-01,Australia,3.74365500098421
2016-01-01,Brazil,3.35420393559928
2016-01-01,Canada,4.14419528810673
2016-01-01,Switzerland,6.44329896907217
2016-01-01,Chile,2.93618002978125
2016-01-01,China,2.68366320026837
2016-01-01,Colombia,2.42785580380467
2016-01-01,Costa Rica,4.01681457262961
2016-01-01,Czech Republic,2.98279523707257
2016-01-01,Denmark,4.32245515452777
2016-01-01,Egypt,2.16218287239545
2016-01-01,Euro area,3.99900000059985
2016-01-01,Britain,4.22185650232012
2016-01-01,Hong Kong,2.4766683650764
2016-01-01,Hungary,3.07504073147702
2016-01-01,Indonesia,2.18677182290733
2016-01-01,India,1.90112645484825
2016-01-01,Israel,4.28819730782406
2016-01-01,Japan,3.11854692570273
2016-01-01,South Korea,3.59006470465456
2016-01-01,Sri Lanka,2.42971190558834
2016-01-01,Mexico,2.81015670924914
2016-01-01,Malaysia,1.82128628343768
2016-01-01,Norway,5.21468803797363
2016-01-01,New Zealand,3.91228999917255
2016-01-01,Pakistan,2.86027553987701
2016-01-01,Peru,2.92568753657109
2016-01-01,Philippines,2.78590036684566
2016-01-01,Poland,2.37171727153692
2016-01-01,Russia,1.52702431183444
2016-01-01,Saudi Arabia,3.19633486934981
2016-01-01,Singapore,3.27013393633675
2016-01-01,Sweden,5.23143277318251
2016-01-01,Thailand,3.09221424627278
2016-01-01,Turkey,3.40576820839979
2016-01-01,Taiwan,2.07634322856326
2016-01-01,Ukraine,1.54175588865096
2016-01-01,Uruguay,3.74358124896472
2016-01-01,United States,4.93
2016-01-01,Vietnam,2.67052409035273
2016-01-01,South Africa,1.77061101889179
2016-07-01,UAE,3.53924477961395
2016-07-01,Argentina,3.3478406427854
2016-07-01,Australia,4.30473750039754
2016-07-01,Brazil,4.78181060944948
2016-07-01,Canada,4.60475825019187
2016-07-01,Switzerland,6.59162356758949
2016-07-01,Chile,3.53237498464185
2016-07-01,China,2.78526504941599
2016-07-01,Colombia,3.03857972004097
2016-07-01,Costa Rica,4.11793773678142
2016-07-01,Czech Republic,3.05541919332859
2016-07-01,Denmark,4.43974160703847
2016-07-01,Egypt,2.5901046740128
2016-07-01,Euro area,4.20562899815015
2016-07-01,Britain,3.94022199859098
2016-07-01,Hong Kong,2.4756943549011
2016-07-01,Hungary,3.15082252221943
2016-07-01,Indonesia,2.36415633937083
2016-07-01,India,2.41071428571429
2016-07-01,Israel,4.37965662455458
2016-07-01,Japan,3.46685406418365
2016-07-01,South Korea,3.85643542661817
2016-07-01,Sri Lanka,3.62517099863201
2016-07-01,Mexico,2.37388724035608
2016-07-01,Malaysia,1.9865905140303
2016-07-01,Norway,5.51006351878779
2016-07-01,New Zealand,4.22130000059584
2016-07-01,Pakistan,3.57756153405839
2016-07-01,Peru,3.02494063554003
2016-07-01,Philippines,2.82288018677704
2016-07-01,Poland,2.42078852142776
2016-07-01,Russia,2.05022903423961
2016-07-01,Saudi Arabia,3.19957339021464
2016-07-01,Singapore,4.01414156293732
2016-07-01,Sweden,5.22871254297632
2016-07-01,Thailand,3.4034034034034
2016-07-01,Turkey,3.53263995005011
2016-07-01,Taiwan,2.15429766773861
2016-07-01,Ukraine,1.57258064516129
2016-07-01,Uruguay,4.07757334659373
2016-07-01,United States,5.04
2016-07-01,Vietnam,2.69058295964126
2016-07-01,South Africa,2.10176022418776
2017-01-01,UAE,3.5393411380343
2017-01-01,Argentina,3.46839035156866
2017-01-01,Australia,4.27518000105469
2017-01-01,Brazil,5.11794537756479
2017-01-01,Canada,4.50980392156863
2017-01-01,Switzerland,6.35013677217663
2017-01-01,Chile,3.64147115434636
2017-01-01,China,2.82967112291745
2017-01-01,Colombia,3.30592311224277
2017-01-01,Costa Rica,4.05895405264012
2017-01-01,Czech Republic,2.90565343302953
2017-01-01,Denmark,4.22460834360148
2017-01-01,Egypt,1.46457112413426
2017-01-01,Euro area,4.06177800194884
2017-01-01,Britain,3.72839400200588
2017-01-01,Hong Kong,2.47551879524752
2017-01-01,Hungary,3.05481146382492
2017-01-01,Indonesia,2.32575587065796
2017-01-01,India,2.48801726976693
2017-01-01,Israel,4.38391699092088
2017-01-01,Japan,3.25718938841983
2017-01-01,South Korea,3.67754607380166
2017-01-01,Sri Lanka,3.66520058643209
2017-01-01,Mexico,2.23229539190451
2017-01-01,Malaysia,1.78910880017891
2017-01-01,Norway,5.66582064786925
2017-01-01,New Zealand,4.18530000010673
2017-01-01,Pakistan,3.57909806728704
2017-01-01,Peru,3.2420643107666
2017-01-01,Philippines,2.68064093520105
2017-01-01,Poland,2.30097192095203
2017-01-01,Russia,2.15098241985522
2017-01-01,Saudi Arabia,3.19944542945889
2017-01-01,Singapore,3.89226759339705
2017-01-01,Sweden,5.26053339616748
2017-01-01,Thailand,3.34523374469401
2017-01-01,Turkey,2.74855221610012
2017-01-01,Taiwan,2.16267042783263
2017-01-01,Ukraine,1.54213328437672
2017-01-01,Uruguay,4.35161009573542
2017-01-01,United States,5.06
2017-01-01,Vietnam,2.6581605528974
2017-01-01,South Africa,1.88640028668697
2017-07-01,UAE,3.81159814865233
2017-07-01,Argentina,4.12553410932665
2017-07-01,Australia,4.52795500055083
2017-07-01,Brazil,5.10156757258139
2017-07-01,Canada,4.65569679482181
2017-07-01,Switzerland,6.74168957112483
2017-07-01,Chile,3.84409554461789
2017-07-01,China,2.9171270718232
2017-07-01,Colombia,3.24360452925142
2017-07-01,Costa Rica,4.00003493480292
2017-07-01,Czech Republic,3.28139971386194
2017-07-01,Denmark,4.60649054517816
2017-07-01,Egypt,1.75398378529494
2017-07-01,Euro area,4.46502449985779
2017-07-01,Britain,4.11143150160695
2017-07-01,Hong Kong,2.45791461307047
2017-07-01,Hungary,3.20894752849616
2017-07-01,Indonesia,2.40293204682299
2017-07-01,India,2.75723192502808
2017-07-01,Israel,4.77333709927976
2017-07-01,Japan,3.36104723155846
2017-07-01,South Korea,3.84396977241952
2017-07-01,Sri Lanka,3.77297121483168
2017-07-01,Mexico,2.75424026530641
2017-07-01,Malaysia,2.00302783277047
2017-07-01,Norway,5.91416018925313
2017-07-01,New Zealand,4.43225999862689
2017-07-01,Pakistan,3.56633380884451
2017-07-01,Peru,3.22927879440258
2017-07-01,Philippines,2.64945182050953
2017-07-01,Poland,2.72339966564202
2017-07-01,Russia,2.27813538775694
2017-07-01,Saudi Arabia,3.1998720051198
2017-07-01,Singapore,4.06474559047688
2017-07-01,Sweden,5.81892070131244
2017-07-01,Thailand,3.49624667636214
2017-07-01,Turkey,3.00611009353896
2017-07-01,Taiwan,2.26396522024444
2017-07-01,Ukraine,1.69785838317577
2017-07-01,Uruguay,4.52882773036057
2017-07-01,United States,5.3
2017-07-01,Vietnam,2.63939293962389
2017-07-01,South Africa,2.26073850791259
2018-01-01,UAE,3.81159814865233
2018-01-01,Argentina,3.96039603960396
2018-01-01,Australia,4.70613499966375
2018-01-01,Brazil,5.11168251804579
2018-01-01,Canada,5.25724375953126
2018-01-01,Switzerland,6.76484362803768
2018-01-01,Chile,4.29088928680469
2018-01-01,China,3.17164179104478
2018-01-01,Colombia,3.83246839092584
2018-01-01,Costa Rica,4.02793168346437
2018-01-01,Czech Republic,3.80777943799104
2018-01-01,Denmark,4.93202031992372
2018-01-01,Egypt,1.93276836158192
2018-01-01,Euro area,4.8357874973246
2018-01-01,Britain,4.41304599875552
2018-01-01,Hong Kong,2.62181864688579
2018-01-01,Hungary,3.42663850530346
2018-01-01,Indonesia,2.67609851036754
2018-01-01,India,2.81861065982893
2018-01-01,Israel,4.80160635558078
2018-01-01,Japan,3.43192594265071
2018-01-01,South Korea,4.11503390226795
2018-01-01,Sri Lanka,3.77113133940182
2018-01-01,Mexico,2.57186486993329
2018-01-01,Malaysia,2.27617602427921
2018-01-01,Norway,6.24195870116304
2018-01-01,New Zealand,4.51019000139252
2018-01-01,Pakistan,3.39351160580969
2018-01-01,Peru,3.26899128268991
2018-01-01,Philippines,2.64169541646131
2018-01-01,Poland,2.96557292813624
2018-01-01,Russia,2.29095074455899
2018-01-01,Saudi Arabia,3.19974402047836
2018-01-01,Singapore,4.38546746814865
2018-01-01,Sweden,6.12311068987879
2018-01-01,Thailand,3.7245696400626
2018-01-01,Turkey,2.82701309630253
2018-01-01,Taiwan,2.33478834636078
2018-01-01,Ukraine,1.6367752045969
2018-01-01,Uruguay,4.89853044086774
2018-01-01,United States,5.28
2018-01-01,Vietnam,2.86198621843559
2018-01-01,South Africa,2.44735135399714
2018-07-01,United Arab Emirates,3.81144249486136
2018-07-01,Argentina,2.70513976555455
2018-07-01,Australia,4.51541749999998
2018-07-01,Azerbaijan,2.32114000293815
2018-07-01,Bahrain,3.16163878276907
2018-07-01,Brazil,4.40293355217737
2018-07-01,Canada,5.06724578047015
2018-07-01,Switzerland,6.54417316889001
2018-07-01,Chile,4.05075721541129
2018-07-01,China,3.09574146783449
2018-07-01,Colombia,4.14046978674841
2018-07-01,Costa Rica,4.03311025008806
2018-07-01,Czech Republic,3.39908677868546
2018-07-01,Denmark,4.71764872387602
2018-07-01,Egypt,1.7520245741413
2018-07-01,Euro area,4.735082
2018-07-01,Britain,4.231535
2018-07-01,Guatemala,3.33907654499072
2018-07-01,Hong Kong,2.54833880164368
2018-07-01,Honduras,3.54275901736369
2018-07-01,Croatia,3.32660092669597
2018-07-01,Hungary,3.07491728472504
2018-07-01,Indonesia,2.19359331476323
2018-07-01,India,2.51362150381402
2018-07-01,Israel,4.67688244518419
2018-07-01,Jordan,2.74628547285402
2018-07-01,Japan,3.50561797752809
2018-07-01,South Korea,4.03225806451613
2018-07-01,Kuwait,3.47107438016529
2018-07-01,Lebanon,4.3017868960953
2018-07-01,Sri Lanka,3.64161486783449
2018-07-01,Moldova,2.58217935937932
2018-07-01,Mexico,2.57197595989817
2018-07-01,Malaysia,2.10068365444375
2018-07-01,Nicaragua,3.26081450714213
2018-07-01,Norway,5.22290617422123
2018-07-01,New Zealand,4.23397999999999
2018-07-01,Oman,2.72727272727273
2018-07-01,Pakistan,3.08667380031278
2018-07-01,Peru,3.20953690967446
2018-07-01,Philippines,2.61745844784714
2018-07-01,Poland,2.73939163807483
2018-07-01,Qatar,3.29579785773139
2018-07-01,Romania,2.31548480463097
2018-07-01,Russia,2.09202832606353
2018-07-01,Saudi Arabia,3.19965870307167
2018-07-01,Singapore,4.27775933915994
2018-07-01,Sweden,5.82684002467838
2018-07-01,Thailand,3.5875791377751
2018-07-01,Turkey,2.28419654714475
2018-07-01,Taiwan,2.27179191703021
2018-07-01,Ukraine,1.90846978892324
2018-07-01,Uruguay,4.47141488342383
2018-07-01,United States,5.51
2018-07-01,Vietnam,2.82124178042058
2018-07-01,South Africa,2.32002933714517
2019-01-01,United Arab Emirates,3.81144249486136
2019-01-01,Argentina,2.00240288346015
2019-01-01,Australia,4.35204500000001
2019-01-01,Azerbaijan,2.32832301797819
2019-01-01,Bahrain,3.18302387267905
2019-01-01,Brazil,4.54551567396011
2019-01-01,Canada,5.08487306594562
2019-01-01,Switzerland,6.6215046095859
2019-01-01,Chile,3.88812795475633
2019-01-01,China,3.05122852095712
2019-01-01,Colombia,3.72865423781921
2019-01-01,Costa Rica,3.77280777626756
2019-01-01,Czech Republic,3.80966893976913
2019-01-01,Denmark,4.60444021518084
2019-01-01,Egypt,2.23338916806253
2019-01-01,Euro area,4.6419075
2019-01-01,Britain,4.072992
2019-01-01,Guatemala,3.23486407101174
2019-01-01,Hong Kong,2.55286016070255
2019-01-01,Honduras,3.49232305220818
2019-01-01,Croatia,3.24131597428556
2019-01-01,Hungary,3.03280333608367
2019-01-01,Indonesia,2.34208658623137
2019-01-01,India,2.55435172562244
2019-01-01,Israel,4.58486724112356
2019-01-01,Jordan,2.74802705749718
2019-01-01,Japan,3.59645887126522
2019-01-01,South Korea,4.0228857500447
2019-01-01,Kuwait,3.46420323325635
2019-01-01,Lebanon,4.31320504313205
2019-01-01,Sri Lanka,3.18252901314165
2019-01-01,Moldova,2.31709436366796
2019-01-01,Mexico,2.53770958762219
2019-01-01,Malaysia,2.19793564055859
2019-01-01,Nicaragua,3.18287305280788
2019-01-01,Norway,5.85967256149726
2019-01-01,New Zealand,4.19120000000001
2019-01-01,Oman,2.72798129384256
2019-01-01,Pakistan,3.31221198156682
2019-01-01,Peru,3.13573241750037
2019-01-01,Philippines,2.67213818771771
2019-01-01,Poland,2.80115781189558
2019-01-01,Qatar,3.29557157569516
2019-01-01,Romania,2.28672592483311
2019-01-01,Russia,1.65209567368974
2019-01-01,Saudi Arabia,3.19901896751663
2019-01-01,Singapore,4.27760159303783
2019-01-01,Sweden,5.83859649122807
2019-01-01,Thailand,3.71787862219792
2019-01-01,Turkey,1.99687929561244
2019-01-01,Taiwan,2.24004155439405
2019-01-01,Ukraine,1.94244604316547
2019-01-01,Uruguay,4.30636727160874
2019-01-01,United States,5.58
2019-01-01,Vietnam,2.80184490710807
2019-01-01,South Africa,2.23544258157563
2019-07-09,United Arab Emirates,4.01562691422893
2019-07-09,Argentina,2.87050437153895
2019-07-09,Australia,4.260105
2019-07-09,Azerbaijan,2.32832301797819
2019-07-09,Bahrain,3.71352785145889
2019-07-09,Brazil,4.59643316786174
2019-07-09,Canada,5.1559346559537
2019-07-09,Switzerland,6.54219717175784
2019-07-09,Chile,3.82747372236318
2019-07-09,China,3.05028614589083
2019-07-09,Colombia,3.68763557483731
2019-07-09,Costa Rica,3.93514739618686
2019-07-09,Czech Republic,3.72818463724764
2019-07-09,Denmark,4.50497800069076
2019-07-09,Egypt,2.52783629250677
2019-07-09,Euro area,4.572252
2019-07-09,Britain,4.101314
2019-07-09,Guatemala,3.25512356449051
2019-07-09,Hong Kong,2.6246719160105
2019-07-09,Honduras,3.51258403653087
2019-07-09,Croatia,3.3342932056198
2019-07-09,Hungary,3.09766738762007
2019-07-09,Indonesia,2.26468506723284
2019-07-09,India,2.66941290420454
2019-07-09,Israel,4.76631059522808
2019-07-09,Jordan,3.24400564174894
2019-07-09,Japan,3.58571231554268
2019-07-09,South Korea,3.81178264368303
2019-07-09,Kuwait,3.61247947454844
2019-07-09,Lebanon,4.31320504313205
2019-07-09,Sri Lanka,3.64309093496513
2019-07-09,Moldova,2.41380471758485
2019-07-09,Mexico,2.64616768764637
2019-07-09,Malaysia,2.13639106819553
2019-07-09,Nicaragua,3.31703963259263
2019-07-09,Norway,4.85394816676779
2019-07-09,New Zealand,4.2288
2019-07-09,Oman,3.14285714285714
2019-07-09,Pakistan,3.0485868529692
2019-07-09,Peru,3.19459656809054
2019-07-09,Philippines,2.76708725093779
2019-07-09,Poland,2.83632066180815
2019-07-09,Qatar,3.56971236356147
2019-07-09,Romania,2.20420932878271
2019-07-09,Russia,2.03638072487322
2019-07-09,Saudi Arabia,3.46634314130681
2019-07-09,Singapore,4.26063321824726
2019-07-09,Sweden,5.38255734798233
2019-07-09,Thailand,3.86018976563134
2019-07-09,Turkey,2.44494931842013
2019-07-09,Taiwan,2.30976517387399
2019-07-09,Ukraine,2.22243883419437
2019-07-09,Uruguay,4.66313140647436
2019-07-09,United States,5.74
2019-07-09,Vietnam,2.79798545047566
2019-07-09,South Africa,2.18694885361552
2020-01-14,United Arab Emirates,4.01562691422893
2020-01-14,Argentina,2.84688740310594
2020-01-14,Australia,4.45114500000001
2020-01-14,Azerbaijan,2.32832301797819
2020-01-14,Bahrain,3.71352785145889
2020-01-14,Brazil,4.80455829450252
2020-01-14,Canada,5.18158509050553
2020-01-14,Switzerland,6.7131422669765
2020-01-14,Chile,3.41641431788182
2020-01-14,China,3.12273057371097
2020-01-14,Colombia,3.61963423443976
2020-01-14,Costa Rica,4.12306018790628
2020-01-14,Czech Republic,3.75591833307926
2020-01-14,Denmark,4.46471756940776
2020-01-14,Egypt,2.6448362720403
2020-01-14,Euro area,4.582058
2020-01-14,Britain,4.4102205
2020-01-14,Guatemala,3.2440989839482
2020-01-14,Hong Kong,2.63653726198821
2020-01-14,Honduras,3.52872462968671
2020-01-14,Croatia,3.28529829015157
2020-01-14,Hungary,3.01255028448517
2020-01-14,Indonesia,2.41404535479151
2020-01-14,India,2.65243943302696
2020-01-14,Israel,4.91400491400492
2020-01-14,Jordan,3.24400564174894
2020-01-14,Japan,3.54416575790622
2020-01-14,South Korea,3.89239685148344
2020-01-14,Kuwait,3.6255767963085
2020-01-14,Lebanon,4.29326287978864
2020-01-14,Sri Lanka,3.19647285753651
2020-01-14,Moldova,2.58323765786452
2020-01-14,Mexico,2.65667755904466
2020-01-14,Malaysia,2.33157442630998
2020-01-14,Nicaragua,3.54229948370985
2020-01-14,Norway,5.97173005526667
2020-01-14,New Zealand,4.29454999999999
2020-01-14,Oman,2.99961044020257
2020-01-14,Pakistan,3.35754640839387
2020-01-14,Peru,3.57615097968506
2020-01-14,Philippines,2.80743376828786
2020-01-14,Poland,2.89732918927461
2020-01-14,Qatar,3.57044767920901
2020-01-14,Romania,2.21022753710856
2020-01-14,Russia,2.1975338786473
2020-01-14,Saudi Arabia,3.46500346500347
2020-01-14,Singapore,4.37961622684928
2020-01-14,Sweden,5.4444926050047
2020-01-14,Thailand,3.79819998348609
2020-01-14,Turkey,2.20908974958548
2020-01-14,Taiwan,2.40927571148923
2020-01-14,Ukraine,2.3759899958316
2020-01-14,Uruguay,4.78162147722719
2020-01-14,United States,5.67
2020-01-14,Vietnam,2.84777355885399
2020-01-14,South Africa,2.15412410534362
2020-07-01,United Arab Emirates,4.0158455737214
2020-07-01,Argentina,3.50923243962541
2020-07-01,Australia,4.57845000000001
2020-07-01,Azerbaijan,2.32489699823426
2020-07-01,Bahrain,3.71303540644477
2020-07-01,Brazil,3.91352788622682
2020-07-01,Canada,5.0767414403778
2020-07-01,Switzerland,6.90571049136786
2020-07-01,Chile,3.47848165545258
2020-07-01,China,3.09845077461269
2020-07-01,Colombia,3.2900102570908
2020-07-01,Costa Rica,4.039015167791
2020-07-01,Czech Republic,3.80124202379834
2020-07-01,Denmark,4.58060723583256
2020-07-01,Egypt,2.63322884012539
2020-07-01,Euro area,4.7861385
2020-07-01,Britain,4.2773325
2020-07-01,Guatemala,3.24970752632263
2020-07-01,Hong Kong,2.64483708448642
2020-07-01,Honduras,3.52359390377754
2020-07-01,Croatia,3.31965234186383
2020-07-01,Hungary,2.89037807590422
2020-07-01,Indonesia,2.35538621406304
2020-07-01,India,2.52667974334253
2020-07-01,Israel,4.94660575552129
2020-07-01,Jordan,3.24400564174894
2020-07-01,Japan,3.63551619669075
2020-07-01,South Korea,3.74703359840127
2020-07-01,Kuwait,3.73619233268356
2020-07-01,Lebanon,5.95238095238095
2020-07-01,Sri Lanka,3.65886467581383
2020-07-01,Moldova,2.75256222547584
2020-07-01,Mexico,2.2285612408629
2020-07-01,Malaysia,2.34204665338178
2020-07-01,Nicaragua,3.49088878028346
2020-07-01,Norway,5.54900464729139
2020-07-01,New Zealand,4.34840999999999
2020-07-01,Oman,2.85714285714286
2020-07-01,Pakistan,3.3033033033033
2020-07-01,Peru,3.40262488205187
2020-07-01,Philippines,2.87298183142476
2020-07-01,Poland,2.78943564645171
2020-07-01,Qatar,3.57044767920901
2020-07-01,Romania,2.32391638595791
2020-07-01,Russia,1.91258766026776
2020-07-01,Saudi Arabia,3.7322882926114
2020-07-01,Singapore,4.2519458057077
2020-07-01,Sweden,5.75593101637048
2020-07-01,Thailand,4.0783813923849
2020-07-01,Turkey,2.03950725271521
2020-07-01,Taiwan,2.44428224670277
2020-07-01,Ukraine,2.17471433837081
2020-07-01,Uruguay,4.32741843159702
2020-07-01,United States,5.71
2020-07-01,Vietnam,2.84728213977567
2020-07-01,South Africa,1.85934922777028